{"cv_mean": 17.176631265950352, "_runtime": 8, "_timestamp": 1620142881, "_step": 1, "cv_std": 4.657582827063639}
