{"cv_mean": 17.33276715233724, "_runtime": 19, "_timestamp": 1620110841, "_step": 1, "cv_std": 4.585874865927745}
