{"cv_mean": 16.75486237791834, "_runtime": 9, "_timestamp": 1620143226, "_step": 1, "cv_std": 4.594705222260618}
