{"cv_mean": 17.27684405364845, "_runtime": 9, "_timestamp": 1620147618, "_step": 1, "cv_std": 4.682053501820529}
