{"cv_mean": 17.392527502088463, "_runtime": 15, "_timestamp": 1620136003, "_step": 1, "cv_std": 4.3763595277338645}
