{"cv_mean": 16.896737014822214, "_runtime": 9, "_timestamp": 1620141517, "_step": 1, "cv_std": 4.582463293528514}
