{"cv_mean": 17.39114266381231, "_runtime": 15, "_timestamp": 1620101674, "_step": 1, "cv_std": 4.4138464675256746}
