{"cv_mean": 17.73054083489859, "_runtime": 21, "_timestamp": 1620145579, "_step": 1, "cv_std": 4.811534847658498}
