{"cv_mean": 0.4450591431876309, "_runtime": 19, "_timestamp": 1620215670, "_step": 1, "cv_std": 0.2951500376467309}
