{"cv_mean": 17.938432403415355, "_runtime": 19, "_timestamp": 1620141605, "_step": 1, "cv_std": 4.576867003062025}
