{"cv_mean": 17.947227640003376, "_runtime": 18, "_timestamp": 1620146788, "_step": 1, "cv_std": 4.28156953980145}
