{"cv_mean": 17.145217290237575, "_runtime": 10, "_timestamp": 1620141291, "_step": 1, "cv_std": 4.550299533259191}
