{"cv_mean": 17.88331208711555, "_runtime": 28, "_timestamp": 1620144253, "_step": 1, "cv_std": 4.997131524905491}
