{"cv_mean": 17.3703828824905, "_runtime": 10, "_timestamp": 1620145785, "_step": 1, "cv_std": 4.585838347104219}
