{"cv_mean": 17.47324783740776, "_runtime": 18, "_timestamp": 1620143703, "_step": 1, "cv_std": 4.885118658973173}
