{"cv_mean": 17.00273589026661, "_runtime": 13, "_timestamp": 1620141842, "_step": 1, "cv_std": 4.590098762635811}
