{"cv_mean": 17.123835159217244, "_runtime": 12, "_timestamp": 1620146269, "_step": 1, "cv_std": 4.695083213840473}
