{"cv_mean": 16.858880706219345, "_runtime": 10, "_timestamp": 1620148064, "_step": 1, "cv_std": 4.3990311631907835}
