{"cv_mean": 6.461924185816611, "_runtime": 33, "_timestamp": 1620206940, "_step": 1, "cv_std": 2.4086724254088177}
