{"cv_mean": 17.536486241819272, "_runtime": 18, "_timestamp": 1620147395, "_step": 1, "cv_std": 4.785497328184963}
