{"cv_mean": 17.075308450542593, "_runtime": 10, "_timestamp": 1620147642, "_step": 1, "cv_std": 4.622304919614347}
