{"cv_mean": 17.163090465179504, "_runtime": 12, "_timestamp": 1620144389, "_step": 1, "cv_std": 4.735766705938936}
