{"cv_mean": 17.19772169339132, "_runtime": 13, "_timestamp": 1620141788, "_step": 1, "cv_std": 4.608996173146236}
