{"cv_mean": 17.676422532080686, "_runtime": 14, "_timestamp": 1620141921, "_step": 1, "cv_std": 4.403614879971964}
