{"cv_mean": 17.92280832884659, "_runtime": 30, "_timestamp": 1620140587, "_step": 1, "cv_std": 4.765602344191696}
