{"cv_mean": 17.32250223379497, "_runtime": 20, "_timestamp": 1620093836, "_step": 1, "cv_std": 4.749013556482841}
