{"cv_mean": 17.337353587428314, "_runtime": 17, "_timestamp": 1620145433, "_step": 1, "cv_std": 4.696141507792733}
