{"cv_mean": 17.174376686596744, "_runtime": 18, "_timestamp": 1620109822, "_step": 1, "cv_std": 4.6815646936382835}
