{"cv_mean": 16.867670203193594, "_runtime": 11, "_timestamp": 1620140974, "_step": 1, "cv_std": 4.669648344973786}
