{"cv_mean": 17.800999208998878, "_runtime": 9, "_timestamp": 1620142934, "_step": 1, "cv_std": 4.21583117337386}
