{"cv_mean": 16.99484041705339, "_runtime": 18, "_timestamp": 1620110499, "_step": 1, "cv_std": 4.6644394641678915}
