{"cv_mean": 18.141275019386207, "_runtime": 16, "_timestamp": 1620093496, "_step": 1, "cv_std": 3.654870084025634}
