{"cv_mean": 17.768481461272277, "_runtime": 23, "_timestamp": 1620128886, "_step": 1, "cv_std": 4.416932122356436}
