{"cv_mean": 17.212053189610426, "_runtime": 9, "_timestamp": 1620147047, "_step": 1, "cv_std": 4.638227581524514}
