{"cv_mean": 17.068960418830876, "_runtime": 9, "_timestamp": 1620147123, "_step": 1, "cv_std": 4.135900501138388}
