{"cv_mean": 16.78964142287714, "_runtime": 10, "_timestamp": 1620142826, "_step": 1, "cv_std": 4.643053918540408}
