{"cv_mean": 17.14273516962134, "_runtime": 11, "_timestamp": 1620140787, "_step": 1, "cv_std": 4.667597694132412}
