{"cv_mean": 0.47367319517703893, "_runtime": 15, "_timestamp": 1620215308, "_step": 1, "cv_std": 0.39680199101261504}
