{"cv_mean": 0.4652024308460222, "_runtime": 18, "_timestamp": 1620213265, "_step": 1, "cv_std": 0.3634981899548143}
