{"cv_mean": 17.515723201115996, "_runtime": 24, "_timestamp": 1620126184, "_step": 1, "cv_std": 4.5319490148065755}
