{"cv_mean": 16.929998733713326, "_runtime": 10, "_timestamp": 1620147197, "_step": 1, "cv_std": 4.520274315059361}
