{"cv_mean": 16.919657181129303, "_runtime": 17, "_timestamp": 1620103031, "_step": 1, "cv_std": 4.7860404319609176}
