{"cv_mean": 16.920378440958366, "_runtime": 11, "_timestamp": 1620147848, "_step": 1, "cv_std": 4.743264232634524}
