{"cv_mean": 17.41353058005205, "_runtime": 20, "_timestamp": 1620086358, "_step": 1, "cv_std": 4.547572113380324}
