{"cv_mean": 17.761290923113272, "_runtime": 14, "_timestamp": 1620141653, "_step": 1, "cv_std": 4.260247569600685}
