{"cv_mean": 16.968697854479473, "_runtime": 15, "_timestamp": 1620144683, "_step": 1, "cv_std": 4.557659131290529}
