{"cv_mean": 17.28391125296941, "_runtime": 14, "_timestamp": 1620141086, "_step": 1, "cv_std": 4.682891419264806}
