{"mape_valid": 15.47151505947113, "_runtime": 136, "_timestamp": 1641997354, "_step": 3, "mape_train": 10.1858489215374, "mae_valid": 0.0469784215092659, "mae_train": 0.029091639444231987, "_wandb": {"runtime": 129}}