{"cv_mean": 6.7180742750574565, "_runtime": 18, "_timestamp": 1620209357, "_step": 1, "cv_std": 2.1815668374941715}
