{"cv_mean": 17.480849428994325, "_runtime": 23, "_timestamp": 1620135337, "_step": 1, "cv_std": 4.768560609289357}
