{"cv_mean": 17.05137229863582, "_runtime": 15, "_timestamp": 1620129223, "_step": 1, "cv_std": 4.68381112627952}
