{"cv_mean": 18.642818489504357, "_runtime": 45, "_timestamp": 1620144988, "_step": 1, "cv_std": 4.780926983514834}
