{"cv_mean": 17.150446966212463, "_runtime": 15, "_timestamp": 1620116298, "_step": 1, "cv_std": 4.625615815354116}
