{"cv_mean": 16.83532737334131, "_runtime": 17, "_timestamp": 1620120413, "_step": 1, "cv_std": 4.658583377434455}
