{"cv_mean": 6.271517662532931, "_runtime": 18, "_timestamp": 1620211081, "_step": 1, "cv_std": 2.3076664887656855}
