{"cv_mean": 17.42653074485497, "_runtime": 17, "_timestamp": 1620100319, "_step": 1, "cv_std": 4.642977077136213}
