{"mape_valid": 13.905280828475952, "_runtime": 626, "_timestamp": 1641944532, "_step": 3, "mape_train": 9.77669507265091, "mae_valid": 0.039815504103899, "mae_train": 0.02614152804017067, "_wandb": {"runtime": 619}}