{"cv_mean": 17.959820993157557, "_runtime": 9, "_timestamp": 1620144361, "_step": 1, "cv_std": 3.694988170088028}
