{"cv_mean": 0.4668379638530359, "_runtime": 16, "_timestamp": 1620216013, "_step": 1, "cv_std": 0.35411177630917884}
