{"cv_mean": 17.6791906834395, "_runtime": 17, "_timestamp": 1620145220, "_step": 1, "cv_std": 4.440785481049803}
