{"cv_mean": 17.322049392174385, "_runtime": 14, "_timestamp": 1620145298, "_step": 1, "cv_std": 4.56091954622054}
