{"mape_valid": 43.81791353225708, "_runtime": 4729, "_timestamp": 1641994420, "_step": 3, "mape_train": 6.137394532561302, "mae_valid": 0.1310088187456131, "mae_train": 0.015873383730649948, "_wandb": {"runtime": 4723}}