{"cv_mean": 17.310721399382075, "_runtime": 9, "_timestamp": 1620142595, "_step": 1, "cv_std": 4.431703070300898}
