{"mape_valid": 43.46489608287811, "_runtime": 87, "_timestamp": 1641944926, "_step": 3, "mape_train": 18.069200217723846, "mae_valid": 0.1060308888554573, "mae_train": 0.04657868295907974, "_wandb": {"runtime": 81}}