{"cv_mean": 17.364048089814236, "_runtime": 13, "_timestamp": 1620144503, "_step": 1, "cv_std": 4.782288118941201}
