{"cv_mean": 17.990864870306464, "_runtime": 8, "_timestamp": 1620146693, "_step": 1, "cv_std": 4.722011634190441}
