{"cv_mean": 17.690012821263892, "_runtime": 16, "_timestamp": 1620124826, "_step": 1, "cv_std": 4.065383119696182}
