{"cv_mean": 17.13840194107936, "_runtime": 16, "_timestamp": 1620116635, "_step": 1, "cv_std": 4.511736967327242}
