{"cv_mean": 16.98054197605311, "_runtime": 10, "_timestamp": 1620147775, "_step": 1, "cv_std": 4.479448473757431}
