{"cv_mean": 0.446016274334197, "_runtime": 16, "_timestamp": 1620213951, "_step": 1, "cv_std": 0.3593311536758652}
