{"cv_mean": 17.67966852596804, "_runtime": 15, "_timestamp": 1620098947, "_step": 1, "cv_std": 4.088066353589633}
