{"cv_mean": 17.12692323973456, "_runtime": 9, "_timestamp": 1620145688, "_step": 1, "cv_std": 4.617049671306259}
