{"cv_mean": 17.494717479770138, "_runtime": 16, "_timestamp": 1620113885, "_step": 1, "cv_std": 4.579607974298981}
