{"cv_mean": 16.974713519356435, "_runtime": 18, "_timestamp": 1620101337, "_step": 1, "cv_std": 4.720756312365823}
