{"cv_mean": 16.775119715894654, "_runtime": 9, "_timestamp": 1620142147, "_step": 1, "cv_std": 4.588832461100077}
