{"cv_mean": 18.284863212363256, "_runtime": 22, "_timestamp": 1620081361, "_step": 1, "cv_std": 4.629504148057509}
