{"cv_mean": 17.771251690533788, "_runtime": 17, "_timestamp": 1620142207, "_step": 1, "cv_std": 4.514523785414277}
