{"cv_mean": 0.47406410643199803, "_runtime": 17, "_timestamp": 1620212920, "_step": 1, "cv_std": 0.3678601758905789}
