{"cv_mean": 17.38791917495547, "_runtime": 17, "_timestamp": 1620113549, "_step": 1, "cv_std": 4.645466447461957}
