{"cv_mean": 17.123559219734602, "_runtime": 14, "_timestamp": 1620144148, "_step": 1, "cv_std": 4.78688515454297}
