{"cv_mean": 17.27011573873548, "_runtime": 11, "_timestamp": 1620145607, "_step": 1, "cv_std": 4.606206750187427}
