{"cv_mean": 17.40587179289549, "_runtime": 12, "_timestamp": 1620143439, "_step": 1, "cv_std": 4.625886412705107}
