{"cv_mean": 16.806046997628442, "_runtime": 11, "_timestamp": 1620140422, "_step": 1, "cv_std": 4.454737745489534}
