{"cv_mean": 17.48909777950906, "_runtime": 15, "_timestamp": 1620145271, "_step": 1, "cv_std": 4.707783790636964}
