{"cv_mean": 17.527405500964086, "_runtime": 18, "_timestamp": 1620122778, "_step": 1, "cv_std": 4.696649551900558}
