{"cv_mean": 17.910049914277295, "_runtime": 24, "_timestamp": 1620144219, "_step": 1, "cv_std": 4.471213250785496}
