{"cv_mean": 17.585462542000606, "_runtime": 19, "_timestamp": 1620108121, "_step": 1, "cv_std": 4.41805789023763}
