{"cv_mean": 17.304378493803966, "_runtime": 17, "_timestamp": 1620121768, "_step": 1, "cv_std": 4.564067084871628}
