{"cv_mean": 17.31187891317247, "_runtime": 19, "_timestamp": 1620120752, "_step": 1, "cv_std": 4.681762512986783}
