{"cv_mean": 17.567377361820554, "_runtime": 18, "_timestamp": 1620143733, "_step": 1, "cv_std": 4.914737920708204}
