{"cv_mean": 18.45632414831692, "_runtime": 51, "_timestamp": 1620141151, "_step": 1, "cv_std": 4.800530297624679}
