{"cv_mean": 17.741527664406465, "_runtime": 14, "_timestamp": 1620141243, "_step": 1, "cv_std": 4.455261242056873}
