{"cv_mean": 17.869520649376135, "_runtime": 31, "_timestamp": 1620099648, "_step": 1, "cv_std": 4.5811179196683876}
