{"cv_mean": 17.244002520236386, "_runtime": 18, "_timestamp": 1620104047, "_step": 1, "cv_std": 4.749955168970816}
