{"cv_mean": 18.680558690472907, "_runtime": 70, "_timestamp": 1620081756, "_step": 1, "cv_std": 5.024451823267012}
