{"cv_mean": 16.833240853566046, "_runtime": 11, "_timestamp": 1620144057, "_step": 1, "cv_std": 4.358557905699917}
