{"cv_mean": 17.477067376513514, "_runtime": 14, "_timestamp": 1620143470, "_step": 1, "cv_std": 4.747934733617703}
