{"cv_mean": 17.349238783258357, "_runtime": 10, "_timestamp": 1620142547, "_step": 1, "cv_std": 4.541146141563559}
