{"cv_mean": 6.707103506148419, "_runtime": 17, "_timestamp": 1620208317, "_step": 1, "cv_std": 2.191689407362914}
