{"cv_mean": 17.990592177704887, "_runtime": 34, "_timestamp": 1620145519, "_step": 1, "cv_std": 5.069670051896393}
