{"cv_mean": 17.173579568403575, "_runtime": 14, "_timestamp": 1620141896, "_step": 1, "cv_std": 4.924333293145679}
