{"cv_mean": 17.125760246835018, "_runtime": 21, "_timestamp": 1620125168, "_step": 1, "cv_std": 4.642536395758812}
