{"cv_mean": 16.765431810413727, "_runtime": 10, "_timestamp": 1620146728, "_step": 1, "cv_std": 4.407678950966993}
