{"cv_mean": 18.16525752482416, "_runtime": 40, "_timestamp": 1620141371, "_step": 1, "cv_std": 4.656042510310712}
