{"cv_mean": 19.16019811739554, "_runtime": 8, "_timestamp": 1620147360, "_step": 1, "cv_std": 5.077460687859143}
