{"cv_mean": 18.46299295233744, "_runtime": 21, "_timestamp": 1620141032, "_step": 1, "cv_std": 4.147211117480968}
