{"cv_mean": 17.233735489455444, "_runtime": 11, "_timestamp": 1620142523, "_step": 1, "cv_std": 4.536536590037985}
