{"cv_mean": 17.65657176522558, "_runtime": 14, "_timestamp": 1620094167, "_step": 1, "cv_std": 4.422408091879818}
