{"cv_mean": 17.72518342284113, "_runtime": 19, "_timestamp": 1620140204, "_step": 1, "cv_std": 4.564087107609039}
