{"cv_mean": 17.614349770134293, "_runtime": 14, "_timestamp": 1620143597, "_step": 1, "cv_std": 4.361789925337766}
