{"cv_mean": 17.753111729390906, "_runtime": 14, "_timestamp": 1620128539, "_step": 1, "cv_std": 4.769006343644036}
