{"cv_mean": 17.0710938337254, "_runtime": 9, "_timestamp": 1620148139, "_step": 1, "cv_std": 4.664996992238739}
