{"mape_valid": 29.760318994522095, "_runtime": 5898, "_timestamp": 1641959790, "_step": 3, "mape_train": 13.75119835138321, "mae_valid": 0.08689551800489426, "mae_train": 0.03648625314235687, "_wandb": {"runtime": 5897}}