{"cv_mean": 17.34391660720349, "_runtime": 17, "_timestamp": 1620111181, "_step": 1, "cv_std": 4.779430474801618}
