{"cv_mean": 17.373236892611644, "_runtime": 17, "_timestamp": 1620141549, "_step": 1, "cv_std": 4.727743481110754}
