{"mape_valid": 19.13789212703705, "_runtime": 208, "_timestamp": 1642143587, "_step": 3, "mape_train": 16.488970816135406, "mae_valid": 0.05128703638911247, "mae_train": 0.041359685361385345, "_wandb": {"runtime": 203}}