{"cv_mean": 17.634579169297027, "_runtime": 17, "_timestamp": 1620140286, "_step": 1, "cv_std": 4.388983124147467}
