{"cv_mean": 16.839374820159147, "_runtime": 15, "_timestamp": 1620112195, "_step": 1, "cv_std": 4.462403944193604}
