{"cv_mean": 18.51364429637696, "_runtime": 23, "_timestamp": 1620142974, "_step": 1, "cv_std": 4.2640072578894}
