{"cv_mean": 17.367875787536786, "_runtime": 21, "_timestamp": 1620088050, "_step": 1, "cv_std": 4.589484413020717}
