{"cv_mean": 19.168128132396383, "_runtime": 14, "_timestamp": 1620083446, "_step": 1, "cv_std": 5.017651829328389}
