{"mape_valid": 13.967649638652802, "_runtime": 2423, "_timestamp": 1642015842, "_step": 3, "mape_train": 10.14806404709816, "mae_valid": 0.040228910744190216, "mae_train": 0.026925722137093544, "_wandb": {"runtime": 2416}}