{"cv_mean": 17.574716682515017, "_runtime": 11, "_timestamp": 1620145380, "_step": 1, "cv_std": 4.449589701280572}
