{"cv_mean": 17.162116053504384, "_runtime": 10, "_timestamp": 1620147572, "_step": 1, "cv_std": 4.6147371100083765}
