{"cv_mean": 17.449261397327238, "_runtime": 18, "_timestamp": 1620099297, "_step": 1, "cv_std": 4.616276229079932}
