{"cv_mean": 17.430679027595023, "_runtime": 10, "_timestamp": 1620143753, "_step": 1, "cv_std": 4.575325621623243}
