{"cv_mean": 18.89979025071806, "_runtime": 75, "_timestamp": 1620137461, "_step": 1, "cv_std": 4.931143344202511}
