{"cv_mean": 17.165043536572473, "_runtime": 10, "_timestamp": 1620147246, "_step": 1, "cv_std": 4.7427113803185685}
