{"cv_mean": 17.856468865507626, "_runtime": 20, "_timestamp": 1620146620, "_step": 1, "cv_std": 4.574294561291347}
