{"cv_mean": 17.123488185957456, "_runtime": 13, "_timestamp": 1620140342, "_step": 1, "cv_std": 4.733035283560725}
