{"cv_mean": 17.21180789435699, "_runtime": 13, "_timestamp": 1620141867, "_step": 1, "cv_std": 4.721622757175786}
