{"cv_mean": 18.907051257527463, "_runtime": 8, "_timestamp": 1620142122, "_step": 1, "cv_std": 4.970323871578856}
