{"cv_mean": 18.114112847629798, "_runtime": 22, "_timestamp": 1620136727, "_step": 1, "cv_std": 4.079876934726124}
