{"cv_mean": 17.322234718568502, "_runtime": 9, "_timestamp": 1620142256, "_step": 1, "cv_std": 4.5213184269620275}
