{"cv_mean": 17.36335818498946, "_runtime": 14, "_timestamp": 1620141574, "_step": 1, "cv_std": 4.872536715242538}
