{"mape_valid": 16.94294810295105, "_runtime": 401, "_timestamp": 1641960199, "_step": 3, "mape_train": 9.684758633375168, "mae_valid": 0.04945378005504608, "mae_train": 0.026239050552248955, "_wandb": {"runtime": 398}}