{"cv_mean": 17.3733623206766, "_runtime": 20, "_timestamp": 1620109486, "_step": 1, "cv_std": 4.826763325292518}
