{"cv_mean": 17.371915620632823, "_runtime": 19, "_timestamp": 1620093160, "_step": 1, "cv_std": 4.868004454561965}
