{"cv_mean": 17.08054414599588, "_runtime": 13, "_timestamp": 1620144272, "_step": 1, "cv_std": 4.712571780297599}
