{"cv_mean": 17.237727506752197, "_runtime": 9, "_timestamp": 1620147465, "_step": 1, "cv_std": 4.449532738642475}
