{"cv_mean": 17.323456337055404, "_runtime": 18, "_timestamp": 1620106750, "_step": 1, "cv_std": 4.56453392247696}
