{"cv_mean": 17.58245874334892, "_runtime": 19, "_timestamp": 1620140491, "_step": 1, "cv_std": 4.434320514083797}
