{"cv_mean": 17.135518996402755, "_runtime": 16, "_timestamp": 1620139807, "_step": 1, "cv_std": 4.306725557492297}
