{"cv_mean": 6.355340979012562, "_runtime": 24, "_timestamp": 1620210728, "_step": 1, "cv_std": 2.3056903141040803}
