{"cv_mean": 17.327108868231132, "_runtime": 18, "_timestamp": 1620108458, "_step": 1, "cv_std": 4.641419631533834}
