{"cv_mean": 17.539371842214457, "_runtime": 8, "_timestamp": 1620142487, "_step": 1, "cv_std": 4.876687721256822}
