{"cv_mean": 17.525193756456993, "_runtime": 17, "_timestamp": 1620141448, "_step": 1, "cv_std": 4.650253098969055}
