{"cv_mean": 17.31318142401212, "_runtime": 13, "_timestamp": 1620140866, "_step": 1, "cv_std": 4.756964956479772}
