{"cv_mean": 17.452963074373542, "_runtime": 21, "_timestamp": 1620119013, "_step": 1, "cv_std": 4.503719462163649}
