{"cv_mean": 18.260797150076407, "_runtime": 9, "_timestamp": 1620145402, "_step": 1, "cv_std": 4.871531444882304}
