{"cv_mean": 17.713184244958406, "_runtime": 13, "_timestamp": 1620147273, "_step": 1, "cv_std": 4.412771290280177}
