{"cv_mean": 16.955689677763274, "_runtime": 10, "_timestamp": 1620148037, "_step": 1, "cv_std": 4.574641837796738}
