{"cv_mean": 17.218946113400456, "_runtime": 9, "_timestamp": 1620147943, "_step": 1, "cv_std": 4.448033009851596}
