{"cv_mean": 17.482719967341968, "_runtime": 10, "_timestamp": 1620145712, "_step": 1, "cv_std": 4.638858168931149}
