{"cv_mean": 17.18223385294519, "_runtime": 10, "_timestamp": 1620143644, "_step": 1, "cv_std": 4.729730229156371}
