{"cv_mean": 17.36873600554846, "_runtime": 16, "_timestamp": 1620108793, "_step": 1, "cv_std": 4.547072307625748}
