{"cv_mean": 16.95768967753845, "_runtime": 17, "_timestamp": 1620111519, "_step": 1, "cv_std": 4.447164121798559}
