{"cv_mean": 17.556758807407085, "_runtime": 24, "_timestamp": 1620131952, "_step": 1, "cv_std": 4.551402292140811}
