{"cv_mean": 17.682756844833346, "_runtime": 17, "_timestamp": 1620140258, "_step": 1, "cv_std": 4.416930265014958}
