{"cv_mean": 17.104353906053962, "_runtime": 11, "_timestamp": 1620143041, "_step": 1, "cv_std": 4.726149661936862}
