{"cv_mean": 17.123569037679403, "_runtime": 16, "_timestamp": 1620143282, "_step": 1, "cv_std": 4.8376631989796}
