{"cv_mean": 17.14359180050436, "_runtime": 17, "_timestamp": 1620117997, "_step": 1, "cv_std": 4.489462063385157}
