{"cv_mean": 17.7027126366841, "_runtime": 26, "_timestamp": 1620145471, "_step": 1, "cv_std": 4.641349446144175}
