{"cv_mean": 17.46019767522271, "_runtime": 15, "_timestamp": 1620146665, "_step": 1, "cv_std": 4.681865173760062}
