{"cv_mean": 17.515615188514925, "_runtime": 13, "_timestamp": 1620140891, "_step": 1, "cv_std": 4.811585866863084}
