{"cv_mean": 17.40176997173861, "_runtime": 21, "_timestamp": 1620089407, "_step": 1, "cv_std": 4.56122364997144}
