{"cv_mean": 16.97151229809017, "_runtime": 10, "_timestamp": 1620141265, "_step": 1, "cv_std": 4.686843303881296}
