{"cv_mean": 6.884519030823737, "_runtime": 17, "_timestamp": 1620210382, "_step": 1, "cv_std": 2.196521830218515}
