{"cv_mean": 17.575169554483047, "_runtime": 18, "_timestamp": 1620144481, "_step": 1, "cv_std": 4.67349681771729}
