{"cv_mean": 18.590082618590188, "_runtime": 14, "_timestamp": 1620144086, "_step": 1, "cv_std": 4.889652570607628}
