{"cv_mean": 17.340069450823385, "_runtime": 18, "_timestamp": 1620127863, "_step": 1, "cv_std": 4.659705852717169}
