{"cv_mean": 18.839715906449378, "_runtime": 14, "_timestamp": 1620132281, "_step": 1, "cv_std": 4.901294948825943}
