{"cv_mean": 17.435727974844106, "_runtime": 20, "_timestamp": 1620115247, "_step": 1, "cv_std": 4.770604120552596}
