{"cv_mean": 17.653434087813782, "_runtime": 15, "_timestamp": 1620147681, "_step": 1, "cv_std": 4.65213625073038}
