{"cv_mean": 17.030449895617785, "_runtime": 10, "_timestamp": 1620145188, "_step": 1, "cv_std": 4.512171042341723}
