{"cv_mean": 17.329409276446693, "_runtime": 16, "_timestamp": 1620142744, "_step": 1, "cv_std": 4.659030155699159}
