{"cv_mean": 16.880167178001155, "_runtime": 17, "_timestamp": 1620089743, "_step": 1, "cv_std": 4.4533542294696735}
