{"cv_mean": 17.115791022734776, "_runtime": 20, "_timestamp": 1620098611, "_step": 1, "cv_std": 4.596333701919168}
