{"cv_mean": 18.556496855124813, "_runtime": 20, "_timestamp": 1620105400, "_step": 1, "cv_std": 3.6864884902459276}
