{"cv_mean": 17.292372904947847, "_runtime": 18, "_timestamp": 1620096226, "_step": 1, "cv_std": 4.738334806541899}
