{"cv_mean": 16.98788527158441, "_runtime": 8, "_timestamp": 1620148086, "_step": 1, "cv_std": 4.24422168967162}
