{"cv_mean": 17.32588175222897, "_runtime": 12, "_timestamp": 1620142992, "_step": 1, "cv_std": 4.601882907567001}
