{"cv_mean": 6.528350656809603, "_runtime": 17, "_timestamp": 1620207966, "_step": 1, "cv_std": 2.466024802538918}
