{"cv_mean": 17.056048613956456, "_runtime": 8, "_timestamp": 1620148003, "_step": 1, "cv_std": 4.579456839803104}
