{"cv_mean": 17.453251691923054, "_runtime": 21, "_timestamp": 1620123815, "_step": 1, "cv_std": 4.737797009143686}
