{"cv_mean": 18.34579726726156, "_runtime": 13, "_timestamp": 1620143206, "_step": 1, "cv_std": 4.165251165573071}
