{"cv_mean": 17.425434796254272, "_runtime": 21, "_timestamp": 1620118676, "_step": 1, "cv_std": 4.633504445038867}
