{"cv_mean": 17.11891389486839, "_runtime": 9, "_timestamp": 1620147525, "_step": 1, "cv_std": 4.749754293835519}
