{"cv_mean": 17.830054132007156, "_runtime": 19, "_timestamp": 1620142181, "_step": 1, "cv_std": 4.53162868275037}
