{"cv_mean": 17.70639467206943, "_runtime": 26, "_timestamp": 1620094852, "_step": 1, "cv_std": 4.808369926130512}
