{"cv_mean": 17.63496916904149, "_runtime": 18, "_timestamp": 1620146815, "_step": 1, "cv_std": 4.6181893106987975}
