{"cv_mean": 8.197728613169486, "_runtime": 80, "_timestamp": 1620206594, "_step": 1, "cv_std": 2.094230556919065}
