{"cv_mean": 16.731399269514235, "_runtime": 9, "_timestamp": 1620144720, "_step": 1, "cv_std": 4.410794481071552}
