{"cv_mean": 18.294819408496643, "_runtime": 8, "_timestamp": 1620141673, "_step": 1, "cv_std": 4.920368913993811}
