{"cv_mean": 6.988903814188407, "_runtime": 20, "_timestamp": 1620208659, "_step": 1, "cv_std": 2.2257921647751506}
