{"cv_mean": 17.59405483425016, "_runtime": 13, "_timestamp": 1620140655, "_step": 1, "cv_std": 4.4776288231781285}
