{"cv_mean": 17.171438731779723, "_runtime": 13, "_timestamp": 1620143893, "_step": 1, "cv_std": 4.687554857171408}
