{"cv_mean": 18.976093316760885, "_runtime": 8, "_timestamp": 1620147547, "_step": 1, "cv_std": 4.927651226855441}
