{"cv_mean": 16.97142567797295, "_runtime": 14, "_timestamp": 1620147973, "_step": 1, "cv_std": 4.591220074884197}
