{"cv_mean": 17.076803307951856, "_runtime": 9, "_timestamp": 1620145760, "_step": 1, "cv_std": 4.588699799016464}
