{"cv_mean": 17.44131510274668, "_runtime": 10, "_timestamp": 1620145353, "_step": 1, "cv_std": 4.606499127545646}
