{"cv_mean": 17.428939553927272, "_runtime": 13, "_timestamp": 1620140515, "_step": 1, "cv_std": 4.914219117168671}
