{"cv_mean": 17.69683565089244, "_runtime": 21, "_timestamp": 1620140319, "_step": 1, "cv_std": 4.624854652813099}
