{"cv_mean": 17.54577687652382, "_runtime": 17, "_timestamp": 1620147342, "_step": 1, "cv_std": 4.551070537204378}
