{"cv_mean": 18.010910017420095, "_runtime": 27, "_timestamp": 1620117665, "_step": 1, "cv_std": 4.264161358822537}
