{"cv_mean": 16.943408885405947, "_runtime": 11, "_timestamp": 1620142714, "_step": 1, "cv_std": 4.778806104530341}
