{"cv_mean": 17.152191890086822, "_runtime": 9, "_timestamp": 1620143514, "_step": 1, "cv_std": 4.6788864312675384}
