{"cv_mean": 17.235941156305312, "_runtime": 15, "_timestamp": 1620142466, "_step": 1, "cv_std": 4.61815796476277}
