{"cv_mean": 18.638657219294743, "_runtime": 48, "_timestamp": 1620146872, "_step": 1, "cv_std": 4.709265705321366}
