{"cv_mean": 17.850900645155733, "_runtime": 33, "_timestamp": 1620145885, "_step": 1, "cv_std": 4.689944044455779}
