{"cv_mean": 17.39751244257254, "_runtime": 13, "_timestamp": 1620142311, "_step": 1, "cv_std": 4.7320602911812895}
