{"cv_mean": 17.457627841771718, "_runtime": 16, "_timestamp": 1620082093, "_step": 1, "cv_std": 4.429738460612642}
