{"cv_mean": 17.743019892218832, "_runtime": 20, "_timestamp": 1620141209, "_step": 1, "cv_std": 4.733883300581887}
