{"cv_mean": 16.867542442799184, "_runtime": 15, "_timestamp": 1620102692, "_step": 1, "cv_std": 4.456370249981044}
