{"cv_mean": 17.219899289193386, "_runtime": 17, "_timestamp": 1620100997, "_step": 1, "cv_std": 4.591755929676259}
