{"cv_mean": 17.14999882171115, "_runtime": 9, "_timestamp": 1620147498, "_step": 1, "cv_std": 4.409920825951312}
