{"cv_mean": 17.532664650410968, "_runtime": 14, "_timestamp": 1620146039, "_step": 1, "cv_std": 4.4802515314788}
