{"cv_mean": 17.48226009405866, "_runtime": 12, "_timestamp": 1620143327, "_step": 1, "cv_std": 4.7423836287270635}
