{"cv_mean": 6.268101676626572, "_runtime": 16, "_timestamp": 1620209700, "_step": 1, "cv_std": 2.273335577617286}
