{"cv_mean": 16.972933258565075, "_runtime": 11, "_timestamp": 1620145737, "_step": 1, "cv_std": 4.724720162415902}
