{"cv_mean": 17.19276382535947, "_runtime": 8, "_timestamp": 1620147023, "_step": 1, "cv_std": 4.468040645977765}
