{"cv_mean": 17.20769868057499, "_runtime": 9, "_timestamp": 1620143978, "_step": 1, "cv_std": 4.568675681908144}
