{"cv_mean": 17.216780979957647, "_runtime": 13, "_timestamp": 1620145083, "_step": 1, "cv_std": 4.600760853148222}
