{"cv_mean": 18.31200667668725, "_runtime": 16, "_timestamp": 1620148118, "_step": 1, "cv_std": 4.186772910520592}
