{"cv_mean": 16.757900459226597, "_runtime": 10, "_timestamp": 1620140627, "_step": 1, "cv_std": 4.556908715431452}
