{"cv_mean": 17.344908417781372, "_runtime": 20, "_timestamp": 1620084467, "_step": 1, "cv_std": 4.772269088647781}
