{"cv_mean": 17.24692288180647, "_runtime": 13, "_timestamp": 1620143414, "_step": 1, "cv_std": 4.862434738773845}
