{"cv_mean": 16.88520766134325, "_runtime": 16, "_timestamp": 1620119738, "_step": 1, "cv_std": 4.540070222138367}
