{"cv_mean": 17.86939874613124, "_runtime": 26, "_timestamp": 1620129572, "_step": 1, "cv_std": 4.665224471275464}
