{"cv_mean": 18.11047690207321, "_runtime": 27, "_timestamp": 1620145337, "_step": 1, "cv_std": 4.890747549269297}
