{"cv_mean": 17.06521616956678, "_runtime": 12, "_timestamp": 1620140168, "_step": 1, "cv_std": 4.62493389207144}
