{"cv_mean": 18.80725982011462, "_runtime": 69, "_timestamp": 1620136393, "_step": 1, "cv_std": 5.030872718378066}
