{"cv_mean": 17.306745407387034, "_runtime": 20, "_timestamp": 1620096567, "_step": 1, "cv_std": 4.754385289852458}
