{"cv_mean": 17.609933624945345, "_runtime": 18, "_timestamp": 1620137064, "_step": 1, "cv_std": 4.662338541747465}
