{"cv_mean": 17.391305556802706, "_runtime": 14, "_timestamp": 1620143069, "_step": 1, "cv_std": 4.683153791973175}
