{"cv_mean": 17.98412538917323, "_runtime": 13, "_timestamp": 1620146922, "_step": 1, "cv_std": 4.211085653619871}
