{"cv_mean": 17.248456577957896, "_runtime": 9, "_timestamp": 1620146423, "_step": 1, "cv_std": 4.549636836368544}
