{"cv_mean": 17.260361124097553, "_runtime": 20, "_timestamp": 1620103372, "_step": 1, "cv_std": 4.603904997433982}
