{"cv_mean": 17.20611029197875, "_runtime": 10, "_timestamp": 1620143618, "_step": 1, "cv_std": 4.556315399471708}
