{"cv_mean": 17.053394948607377, "_runtime": 11, "_timestamp": 1620144928, "_step": 1, "cv_std": 4.286107299043191}
