{"cv_mean": 17.032668286810765, "_runtime": 15, "_timestamp": 1620123115, "_step": 1, "cv_std": 4.1349335761414645}
