{"cv_mean": 17.66234918675744, "_runtime": 14, "_timestamp": 1620142575, "_step": 1, "cv_std": 4.333270816439474}
