{"cv_mean": 19.12585475171138, "_runtime": 15, "_timestamp": 1620088384, "_step": 1, "cv_std": 4.980960413852989}
