{"cv_mean": 17.625274114888878, "_runtime": 14, "_timestamp": 1620144331, "_step": 1, "cv_std": 4.486706900916873}
