{"cv_mean": 17.162335117718534, "_runtime": 15, "_timestamp": 1620122439, "_step": 1, "cv_std": 4.661946810442686}
