{"cv_mean": 17.43535919133479, "_runtime": 10, "_timestamp": 1620146886, "_step": 1, "cv_std": 4.6203150967101125}
