{"cv_mean": 17.824224241162124, "_runtime": 15, "_timestamp": 1620122104, "_step": 1, "cv_std": 4.531349733891842}
