{"cv_mean": 17.005906752650212, "_runtime": 9, "_timestamp": 1620140734, "_step": 1, "cv_std": 4.520102763319428}
