{"cv_mean": 17.521231737742745, "_runtime": 22, "_timestamp": 1620131606, "_step": 1, "cv_std": 4.726196633476954}
