{"cv_mean": 0.4712757520066063, "_runtime": 19, "_timestamp": 1620212576, "_step": 1, "cv_std": 0.367599016872389}
