{"cv_mean": 17.412442996148226, "_runtime": 16, "_timestamp": 1620147105, "_step": 1, "cv_std": 4.843381525267323}
