{"cv_mean": 18.350569549522177, "_runtime": 8, "_timestamp": 1620144822, "_step": 1, "cv_std": 4.980429581835808}
