{"cv_mean": 23.756496032910537, "_runtime": 27, "_timestamp": 1620226354, "_step": 1, "cv_std": 5.053402938439201}
