{"cv_mean": 18.0571537106666, "_runtime": 8, "_timestamp": 1620143348, "_step": 1, "cv_std": 4.76481126026291}
