{"cv_mean": 17.053934239931085, "_runtime": 16, "_timestamp": 1620114221, "_step": 1, "cv_std": 4.397002761862236}
