{"cv_mean": 23.443112248136227, "_runtime": 21, "_timestamp": 1620226008, "_step": 1, "cv_std": 5.651069479503406}
