{"cv_mean": 18.092157337744254, "_runtime": 45, "_timestamp": 1620123483, "_step": 1, "cv_std": 4.983133362689339}
