{"cv_mean": 17.011726180110976, "_runtime": 15, "_timestamp": 1620121428, "_step": 1, "cv_std": 4.4224713876516635}
