{"cv_mean": 18.02963268510893, "_runtime": 39, "_timestamp": 1620085167, "_step": 1, "cv_std": 5.168660489499415}
