{"cv_mean": 17.31335979382867, "_runtime": 19, "_timestamp": 1620090427, "_step": 1, "cv_std": 4.508747648595531}
