{"cv_mean": 17.27516749947865, "_runtime": 15, "_timestamp": 1620146014, "_step": 1, "cv_std": 4.790675216167083}
