{"cv_mean": 17.10950696816128, "_runtime": 10, "_timestamp": 1620147221, "_step": 1, "cv_std": 4.651307054139438}
