{"cv_mean": 17.305973452042124, "_runtime": 18, "_timestamp": 1620095183, "_step": 1, "cv_std": 4.668305665329996}
