{"cv_mean": 17.19176645601475, "_runtime": 11, "_timestamp": 1620140396, "_step": 1, "cv_std": 4.711471279709225}
