{"cv_mean": 17.69444612080145, "_runtime": 17, "_timestamp": 1620144598, "_step": 1, "cv_std": 4.667132025853666}
