{"cv_mean": 17.19354662025438, "_runtime": 16, "_timestamp": 1620130926, "_step": 1, "cv_std": 4.646670420262985}
