{"cv_mean": 17.74260662664331, "_runtime": 15, "_timestamp": 1620144749, "_step": 1, "cv_std": 4.508321649167581}
