{"cv_mean": 17.71394127128977, "_runtime": 26, "_timestamp": 1620110166, "_step": 1, "cv_std": 4.683274124565447}
