{"cv_mean": 17.2423812968434, "_runtime": 13, "_timestamp": 1620142427, "_step": 1, "cv_std": 4.79024654876062}
