{"cv_mean": 18.00860215592249, "_runtime": 14, "_timestamp": 1620126850, "_step": 1, "cv_std": 3.6861149352261493}
