{"mape_valid": 15.310724079608917, "_runtime": 3195, "_timestamp": 1642143347, "_step": 3, "mape_train": 9.275629371404648, "mae_valid": 0.043121278285980225, "mae_train": 0.025071125477552414, "_wandb": {"runtime": 3193}}