{"cv_mean": 17.347573412130266, "_runtime": 15, "_timestamp": 1620145667, "_step": 1, "cv_std": 4.582450683263202}
