{"cv_mean": 18.23459875297744, "_runtime": 11, "_timestamp": 1620143016, "_step": 1, "cv_std": 3.782191254096268}
