{"cv_mean": 17.168997894095035, "_runtime": 9, "_timestamp": 1620145107, "_step": 1, "cv_std": 4.636801173674044}
