{"cv_mean": 17.17390587195037, "_runtime": 12, "_timestamp": 1620145982, "_step": 1, "cv_std": 4.839981145615681}
