{"cv_mean": 17.410130520295546, "_runtime": 18, "_timestamp": 1620144804, "_step": 1, "cv_std": 4.675109184182545}
