{"cv_mean": 18.944212780063705, "_runtime": 36, "_timestamp": 1620146253, "_step": 1, "cv_std": 5.254791890195389}
