{"cv_mean": 0.47391524736659346, "_runtime": 18, "_timestamp": 1620211875, "_step": 1, "cv_std": 0.4055342788157513}
