{"cv_mean": 18.445763503480954, "_runtime": 30, "_timestamp": 1620114571, "_step": 1, "cv_std": 4.226705631311382}
