{"mape_valid": 13.336533308029175, "_runtime": 1462, "_timestamp": 1642011722, "_step": 3, "mape_train": 8.976905792951584, "mae_valid": 0.0387563556432724, "mae_train": 0.024409307166934013, "_wandb": {"runtime": 1455}}