{"cv_mean": 17.005767582902813, "_runtime": 15, "_timestamp": 1620120074, "_step": 1, "cv_std": 4.603981044189037}
