{"cv_mean": 17.521014415700233, "_runtime": 24, "_timestamp": 1620082778, "_step": 1, "cv_std": 4.429678712324191}
