{"cv_mean": 17.217236918290588, "_runtime": 17, "_timestamp": 1620095885, "_step": 1, "cv_std": 4.58429103242467}
