{"cv_mean": 18.36195684412045, "_runtime": 43, "_timestamp": 1620140844, "_step": 1, "cv_std": 4.6267695881072}
