{"cv_mean": 17.19663306621475, "_runtime": 10, "_timestamp": 1620146378, "_step": 1, "cv_std": 4.59111519602079}
