{"cv_mean": 6.717820410414916, "_runtime": 16, "_timestamp": 1620211769, "_step": 1, "cv_std": 2.1860552097771784}
