{"cv_mean": 17.385624258649237, "_runtime": 14, "_timestamp": 1620085416, "_step": 1, "cv_std": 4.445468806069393}
