{"cv_mean": 17.798262841742535, "_runtime": 32, "_timestamp": 1620132634, "_step": 1, "cv_std": 4.365965550714001}
