{"cv_mean": 17.623621220060013, "_runtime": 20, "_timestamp": 1620130254, "_step": 1, "cv_std": 4.774522261753227}
