{"cv_mean": 17.31822989358318, "_runtime": 23, "_timestamp": 1620088730, "_step": 1, "cv_std": 4.889930568277921}
