{"cv_mean": 17.352653535777584, "_runtime": 17, "_timestamp": 1620104383, "_step": 1, "cv_std": 4.652085701506515}
