{"cv_mean": 17.183399239535525, "_runtime": 10, "_timestamp": 1620142792, "_step": 1, "cv_std": 4.688547763612467}
