{"mape_valid": 17.178095877170563, "_runtime": 297, "_timestamp": 1642013103, "_step": 3, "mape_train": 11.785495281219482, "mae_valid": 0.046210650354623795, "mae_train": 0.030063463374972343, "_wandb": {"runtime": 291}}