{"cv_mean": 17.71844742066697, "_runtime": 15, "_timestamp": 1620105733, "_step": 1, "cv_std": 4.3997662998202145}
