{"cv_mean": 17.926456448984844, "_runtime": 23, "_timestamp": 1620142920, "_step": 1, "cv_std": 4.820151097168228}
