{"cv_mean": 17.691057217576155, "_runtime": 19, "_timestamp": 1620140689, "_step": 1, "cv_std": 4.685792321438864}
