{"cv_mean": 17.477102284280342, "_runtime": 15, "_timestamp": 1620091783, "_step": 1, "cv_std": 4.369047963436243}
