{"cv_mean": 0.4417663696259946, "_runtime": 17, "_timestamp": 1620214629, "_step": 1, "cv_std": 0.29198231847514083}
