{"cv_mean": 17.480041174393993, "_runtime": 18, "_timestamp": 1620144306, "_step": 1, "cv_std": 4.43657345631575}
