{"cv_mean": 16.93707185707425, "_runtime": 10, "_timestamp": 1620141049, "_step": 1, "cv_std": 4.466178406998961}
