{"cv_mean": 0.46019301195120865, "_runtime": 18, "_timestamp": 1620213608, "_step": 1, "cv_std": 0.35652214412934774}
