{"cv_mean": 18.091189557798085, "_runtime": 9, "_timestamp": 1620143954, "_step": 1, "cv_std": 4.829839277262151}
