{"cv_mean": 7.225213364086356, "_runtime": 42, "_timestamp": 1620205479, "_step": 1, "cv_std": 2.228399378737414}
