{"cv_mean": 17.53094913390931, "_runtime": 27, "_timestamp": 1620087040, "_step": 1, "cv_std": 4.847417989724491}
