{"cv_mean": 17.197414292273415, "_runtime": 12, "_timestamp": 1620145242, "_step": 1, "cv_std": 4.779524470503763}
