{"cv_mean": 17.59606510295222, "_runtime": 17, "_timestamp": 1620127189, "_step": 1, "cv_std": 4.653158626863083}
