{"mape_valid": 17.32386350631714, "_runtime": 463, "_timestamp": 1642002661, "_step": 3, "mape_train": 19.09096986055374, "mae_valid": 0.052462782710790634, "mae_train": 0.05226493999361992, "_wandb": {"runtime": 456}}