{"cv_mean": 17.679711202923507, "_runtime": 27, "_timestamp": 1620145149, "_step": 1, "cv_std": 4.490148955355057}
