{"cv_mean": 19.07413593863719, "_runtime": 8, "_timestamp": 1620140224, "_step": 1, "cv_std": 5.113947546419278}
