{"cv_mean": 16.6469392252071, "_runtime": 16, "_timestamp": 1620125837, "_step": 1, "cv_std": 4.429136599690869}
