{"cv_mean": 17.531633589166507, "_runtime": 15, "_timestamp": 1620087707, "_step": 1, "cv_std": 4.239583181328253}
