{"cv_mean": 16.908625557609206, "_runtime": 12, "_timestamp": 1620147597, "_step": 1, "cv_std": 4.816666193776733}
