{"cv_mean": 17.286365179849287, "_runtime": 13, "_timestamp": 1620142232, "_step": 1, "cv_std": 4.664227310718049}
