{"cv_mean": 17.822238097554692, "_runtime": 11, "_timestamp": 1620140761, "_step": 1, "cv_std": 4.347188455781153}
