{"cv_mean": 17.584617743842937, "_runtime": 24, "_timestamp": 1620128208, "_step": 1, "cv_std": 4.840674141893005}
