{"cv_mean": 17.52841088952011, "_runtime": 22, "_timestamp": 1620111862, "_step": 1, "cv_std": 4.449044195885726}
