{"cv_mean": 17.261092606368813, "_runtime": 17, "_timestamp": 1620102014, "_step": 1, "cv_std": 4.512677521075555}
