{"cv_mean": 17.93309319402385, "_runtime": 32, "_timestamp": 1620115971, "_step": 1, "cv_std": 4.9477152190529194}
