{"cv_mean": 17.077831427019472, "_runtime": 10, "_timestamp": 1620144553, "_step": 1, "cv_std": 4.56424030750384}
