{"cv_mean": 17.067899186949838, "_runtime": 15, "_timestamp": 1620112533, "_step": 1, "cv_std": 4.586949597055892}
