{"cv_mean": 16.767731827673238, "_runtime": 16, "_timestamp": 1620138462, "_step": 1, "cv_std": 4.390778692753783}
