{"mape_valid": 14.204160869121552, "_runtime": 72, "_timestamp": 1642017360, "_step": 3, "mape_train": 9.880084544420242, "mae_valid": 0.04052906483411789, "mae_train": 0.026368210092186928, "_wandb": {"runtime": 66}}