{"cv_mean": 18.258505663304433, "_runtime": 8, "_timestamp": 1620142857, "_step": 1, "cv_std": 4.107363215969523}
