{"cv_mean": 17.038853168304463, "_runtime": 11, "_timestamp": 1620143129, "_step": 1, "cv_std": 4.476603946320776}
