{"cv_mean": 17.1802742884327, "_runtime": 18, "_timestamp": 1620092822, "_step": 1, "cv_std": 4.787602754837138}
