{"cv_mean": 17.798270415641756, "_runtime": 9, "_timestamp": 1620147146, "_step": 1, "cv_std": 3.9391670618655854}
