{"cv_mean": 17.46374142242523, "_runtime": 14, "_timestamp": 1620145056, "_step": 1, "cv_std": 4.554154849596868}
