{"cv_mean": 17.174989739372673, "_runtime": 15, "_timestamp": 1620090763, "_step": 1, "cv_std": 4.4934140976365695}
