{"cv_mean": 17.2392250921691, "_runtime": 19, "_timestamp": 1620131266, "_step": 1, "cv_std": 4.544555408749034}
