{"cv_mean": 18.752409032773805, "_runtime": 59, "_timestamp": 1620146111, "_step": 1, "cv_std": 4.853368309123909}
