{"cv_mean": 17.546717368387025, "_runtime": 15, "_timestamp": 1620146759, "_step": 1, "cv_std": 4.583199440920591}
