{"cv_mean": 17.313165672791428, "_runtime": 8, "_timestamp": 1620140602, "_step": 1, "cv_std": 4.506601272056783}
