{"cv_mean": 17.222495264743856, "_runtime": 16, "_timestamp": 1620097585, "_step": 1, "cv_std": 4.652205607960339}
