{"cv_mean": 17.59468741878145, "_runtime": 24, "_timestamp": 1620084811, "_step": 1, "cv_std": 4.652996723719932}
