{"cv_mean": 17.08977946043897, "_runtime": 13, "_timestamp": 1620146974, "_step": 1, "cv_std": 4.501444204912703}
