{"cv_mean": 0.4942307766025671, "_runtime": 19, "_timestamp": 1620217438, "_step": 1, "cv_std": 0.3791304203125549}
