{"cv_mean": 17.66433763366243, "_runtime": 21, "_timestamp": 1620087374, "_step": 1, "cv_std": 4.517904432490899}
