{"cv_mean": 17.803469034522802, "_runtime": 16, "_timestamp": 1620143389, "_step": 1, "cv_std": 4.445581144765606}
