{"cv_mean": 17.541321425778847, "_runtime": 19, "_timestamp": 1620133305, "_step": 1, "cv_std": 4.316540710179877}
