{"cv_mean": 18.714236971980238, "_runtime": 8, "_timestamp": 1620143300, "_step": 1, "cv_std": 4.987088442759646}
