{"cv_mean": 17.774229009435498, "_runtime": 31, "_timestamp": 1620116987, "_step": 1, "cv_std": 4.866901164733661}
