{"cv_mean": 17.049466102248108, "_runtime": 10, "_timestamp": 1620143668, "_step": 1, "cv_std": 4.545620378116009}
