{"cv_mean": 17.415039293087155, "_runtime": 20, "_timestamp": 1620132966, "_step": 1, "cv_std": 4.562443437615309}
