{"cv_mean": 17.066777722090816, "_runtime": 16, "_timestamp": 1620105059, "_step": 1, "cv_std": 4.406166760719045}
