{"cv_mean": 17.62991745904477, "_runtime": 16, "_timestamp": 1620085679, "_step": 1, "cv_std": 4.455923724222187}
