{"cv_mean": 16.871586306713944, "_runtime": 17, "_timestamp": 1620097246, "_step": 1, "cv_std": 4.679841671436217}
