{"cv_mean": 17.647548960445405, "_runtime": 18, "_timestamp": 1620147734, "_step": 1, "cv_std": 4.753022890954541}
