{"mape_valid": 13.464698195457458, "_runtime": 146, "_timestamp": 1642009954, "_step": 3, "mape_train": 9.843950718641281, "mae_valid": 0.0385550856590271, "mae_train": 0.02602088823914528, "_wandb": {"runtime": 139}}