{"cv_mean": 17.95633819369613, "_runtime": 19, "_timestamp": 1620146189, "_step": 1, "cv_std": 4.3965878821072915}
