{"cv_mean": 17.59397022827269, "_runtime": 24, "_timestamp": 1620099984, "_step": 1, "cv_std": 4.50808172888587}
