{"cv_mean": 17.167153510280876, "_runtime": 18, "_timestamp": 1620127526, "_step": 1, "cv_std": 4.824512208681641}
