{"cv_mean": 17.77884140201175, "_runtime": 28, "_timestamp": 1620098276, "_step": 1, "cv_std": 4.713934721283863}
