{"cv_mean": 16.989842102732624, "_runtime": 19, "_timestamp": 1620126518, "_step": 1, "cv_std": 4.7302577436486954}
