{"cv_mean": 17.41278928912052, "_runtime": 18, "_timestamp": 1620097926, "_step": 1, "cv_std": 4.5299585975636925}
