{"cv_mean": 17.35052021860972, "_runtime": 16, "_timestamp": 1620135668, "_step": 1, "cv_std": 4.52193663024554}
