{"cv_mean": 17.418595601513193, "_runtime": 13, "_timestamp": 1620141626, "_step": 1, "cv_std": 4.460029496767248}
