{"cv_mean": 17.247741867794275, "_runtime": 14, "_timestamp": 1620118333, "_step": 1, "cv_std": 4.517167896880497}
