{"cv_mean": 17.829327962725465, "_runtime": 20, "_timestamp": 1620144421, "_step": 1, "cv_std": 4.636060253390163}
