{"cv_mean": 17.237525830011485, "_runtime": 17, "_timestamp": 1620095547, "_step": 1, "cv_std": 4.636818587964236}
