{"cv_mean": 17.21274192955905, "_runtime": 10, "_timestamp": 1620145542, "_step": 1, "cv_std": 4.529217005066661}
