{"cv_mean": 17.450600188236873, "_runtime": 15, "_timestamp": 1620147314, "_step": 1, "cv_std": 4.871957602988422}
