{"cv_mean": 17.694167280309113, "_runtime": 15, "_timestamp": 1620141472, "_step": 1, "cv_std": 4.443125277372968}
