{"cv_mean": 17.580399066971005, "_runtime": 13, "_timestamp": 1620144006, "_step": 1, "cv_std": 4.485253982569917}
