{"cv_mean": 17.26865976962414, "_runtime": 13, "_timestamp": 1620143780, "_step": 1, "cv_std": 4.815556168146919}
