{"cv_mean": 17.410052152034073, "_runtime": 18, "_timestamp": 1620140130, "_step": 1, "cv_std": 4.558630763420033}
