{"cv_mean": 0.44189416289670314, "_runtime": 16, "_timestamp": 1620214967, "_step": 1, "cv_std": 0.3579290385145169}
