{"mape_valid": 13.210247457027435, "_runtime": 2337, "_timestamp": 1642000007, "_step": 3, "mape_train": 8.562589436769485, "mae_valid": 0.03795138746500015, "mae_train": 0.02408371865749359, "_wandb": {"runtime": 2331}}