{"cv_mean": 6.49110810264766, "_runtime": 17, "_timestamp": 1620207623, "_step": 1, "cv_std": 2.4141980775328933}
