{"cv_mean": 17.445921910000823, "_runtime": 13, "_timestamp": 1620144033, "_step": 1, "cv_std": 4.7795877036239185}
