{"cv_mean": 17.582384108027842, "_runtime": 9, "_timestamp": 1620146561, "_step": 1, "cv_std": 4.392846072657744}
