{"cv_mean": 18.48782471851036, "_runtime": 20, "_timestamp": 1620086019, "_step": 1, "cv_std": 3.6189278127157634}
