{"cv_mean": 17.494512897051557, "_runtime": 13, "_timestamp": 1620140371, "_step": 1, "cv_std": 4.6001202422274705}
