{"cv_mean": 17.122800312584282, "_runtime": 16, "_timestamp": 1620119347, "_step": 1, "cv_std": 4.624661230319799}
