{"cv_mean": 17.696683084902524, "_runtime": 15, "_timestamp": 1620143256, "_step": 1, "cv_std": 4.549667397245378}
