{"cv_mean": 0.450306729428463, "_runtime": 19, "_timestamp": 1620216356, "_step": 1, "cv_std": 0.36805492140885865}
