{"cv_mean": 17.36323315933434, "_runtime": 14, "_timestamp": 1620141319, "_step": 1, "cv_std": 4.665843066121928}
