{"cv_mean": 17.153616093486157, "_runtime": 18, "_timestamp": 1620106073, "_step": 1, "cv_std": 4.671920895080181}
