{"cv_mean": 17.331567261081897, "_runtime": 8, "_timestamp": 1620146635, "_step": 1, "cv_std": 4.383039310568574}
