{"cv_mean": 17.483062223190622, "_runtime": 22, "_timestamp": 1620104725, "_step": 1, "cv_std": 4.675189913901697}
