{"cv_mean": 0.4665018817625223, "_runtime": 22, "_timestamp": 1620212222, "_step": 1, "cv_std": 0.37337702409584844}
