{"cv_mean": 17.66034975755822, "_runtime": 16, "_timestamp": 1620147078, "_step": 1, "cv_std": 4.556780212672513}
