{"cv_mean": 17.2778944936216, "_runtime": 17, "_timestamp": 1620137790, "_step": 1, "cv_std": 4.44221591351016}
