{"cv_mean": 18.249439476485463, "_runtime": 8, "_timestamp": 1620145835, "_step": 1, "cv_std": 4.575354575089177}
