{"cv_mean": 17.250693473433806, "_runtime": 13, "_timestamp": 1620147825, "_step": 1, "cv_std": 4.657786099923206}
