{"cv_mean": 18.006757607520978, "_runtime": 15, "_timestamp": 1620143569, "_step": 1, "cv_std": 4.28251986728216}
