{"cv_mean": 17.692274838403343, "_runtime": 16, "_timestamp": 1620147922, "_step": 1, "cv_std": 4.460383054148214}
