{"cv_mean": 18.118077093491227, "_runtime": 8, "_timestamp": 1620145629, "_step": 1, "cv_std": 4.698572006977508}
