{"cv_mean": 17.06873327389761, "_runtime": 8, "_timestamp": 1620146399, "_step": 1, "cv_std": 4.35064142942335}
