{"cv_mean": 17.95236197147088, "_runtime": 19, "_timestamp": 1620146360, "_step": 1, "cv_std": 4.826419143930324}
