{"cv_mean": 17.138587403974327, "_runtime": 17, "_timestamp": 1620139470, "_step": 1, "cv_std": 4.702729618517564}
