{"cv_mean": 18.0504727363287, "_runtime": 14, "_timestamp": 1620138125, "_step": 1, "cv_std": 4.815690820644538}
