{"cv_mean": 16.984069373977825, "_runtime": 11, "_timestamp": 1620146948, "_step": 1, "cv_std": 4.645256157454958}
