{"cv_mean": 17.45816477466969, "_runtime": 15, "_timestamp": 1620140713, "_step": 1, "cv_std": 4.509144434544908}
