{"cv_mean": 17.09136898095875, "_runtime": 13, "_timestamp": 1620141999, "_step": 1, "cv_std": 4.6793788059723695}
