{"cv_mean": 17.364067111095295, "_runtime": 8, "_timestamp": 1620141696, "_step": 1, "cv_std": 4.436645690348257}
