{"cv_mean": 17.960743499872514, "_runtime": 8, "_timestamp": 1620146291, "_step": 1, "cv_std": 4.608310294795145}
