{"cv_mean": 16.876344941546257, "_runtime": 10, "_timestamp": 1620146328, "_step": 1, "cv_std": 4.6775060019037396}
