{"cv_mean": 17.90917535491834, "_runtime": 24, "_timestamp": 1620080291, "_step": 1, "cv_std": 4.762359360954977}
