{"cv_mean": 17.692161218911597, "_runtime": 10, "_timestamp": 1620143179, "_step": 1, "cv_std": 4.060550774826142}
