{"cv_mean": 17.119895302469914, "_runtime": 13, "_timestamp": 1620141945, "_step": 1, "cv_std": 4.964965258143376}
