{"cv_mean": 17.819243985135614, "_runtime": 20, "_timestamp": 1620107426, "_step": 1, "cv_std": 4.879683630438687}
