{"mape_valid": 16.069044172763824, "_runtime": 57, "_timestamp": 1642016979, "_step": 3, "mape_train": 10.335821658372879, "mae_valid": 0.04869387671351433, "mae_train": 0.029519053176045418, "_wandb": {"runtime": 51}}