{"cv_mean": 0.4625160184997844, "_runtime": 16, "_timestamp": 1620214293, "_step": 1, "cv_std": 0.36843628036311354}
