{"cv_mean": 6.440877936680678, "_runtime": 34, "_timestamp": 1620206188, "_step": 1, "cv_std": 2.4159313717840294}
