{"cv_mean": 17.42454358806954, "_runtime": 21, "_timestamp": 1620133645, "_step": 1, "cv_std": 4.870691630281871}
