{"cv_mean": 0.4766432336345061, "_runtime": 20, "_timestamp": 1620217089, "_step": 1, "cv_std": 0.3761839652244102}
