{"cv_mean": 18.00466273383507, "_runtime": 10, "_timestamp": 1620147798, "_step": 1, "cv_std": 3.6776469279769857}
