{"cv_mean": 18.649654015955058, "_runtime": 14, "_timestamp": 1620134314, "_step": 1, "cv_std": 4.801661951975351}
