{"cv_mean": 18.070105839239858, "_runtime": 25, "_timestamp": 1620115624, "_step": 1, "cv_std": 4.282191095677401}
