{"cv_mean": 6.27973941245523, "_runtime": 27, "_timestamp": 1620209008, "_step": 1, "cv_std": 2.2657285883561555}
