{"cv_mean": 17.779693960884124, "_runtime": 17, "_timestamp": 1620142772, "_step": 1, "cv_std": 4.534502191123733}
