{"cv_mean": 17.76942354716462, "_runtime": 22, "_timestamp": 1620144538, "_step": 1, "cv_std": 4.793973190222534}
