{"cv_mean": 18.1412970361675, "_runtime": 8, "_timestamp": 1620146512, "_step": 1, "cv_std": 4.525266621650087}
