{"cv_mean": 17.884726704681874, "_runtime": 10, "_timestamp": 1620144180, "_step": 1, "cv_std": 3.8231784979848524}
