{"cv_mean": 18.425823682139075, "_runtime": 33, "_timestamp": 1620146471, "_step": 1, "cv_std": 5.2458707554130815}
