{"cv_mean": 17.40163823539215, "_runtime": 11, "_timestamp": 1620142099, "_step": 1, "cv_std": 4.601997735656984}
