{"cv_mean": 18.681189099820532, "_runtime": 32, "_timestamp": 1620091119, "_step": 1, "cv_std": 4.2500799741400455}
