{"cv_mean": 17.693340241648134, "_runtime": 25, "_timestamp": 1620145954, "_step": 1, "cv_std": 4.954232852219758}
