{"cv_mean": 17.144200537781163, "_runtime": 9, "_timestamp": 1620141174, "_step": 1, "cv_std": 4.640002569240993}
