{"cv_mean": 18.300966082853417, "_runtime": 34, "_timestamp": 1620124499, "_step": 1, "cv_std": 4.344437679622001}
