{"cv_mean": 17.527607873411085, "_runtime": 9, "_timestamp": 1620143537, "_step": 1, "cv_std": 4.488021252048114}
