{"cv_mean": 17.58872623110147, "_runtime": 14, "_timestamp": 1620143157, "_step": 1, "cv_std": 4.5312691541140016}
