{"cv_mean": 17.10865102183692, "_runtime": 17, "_timestamp": 1620112871, "_step": 1, "cv_std": 4.776488600480475}
