{"cv_mean": 17.477323777150524, "_runtime": 23, "_timestamp": 1620103713, "_step": 1, "cv_std": 4.700933010188593}
