{"cv_mean": 17.43344234879553, "_runtime": 19, "_timestamp": 1620106412, "_step": 1, "cv_std": 4.644115681724242}
