{"cv_mean": 16.81978652112248, "_runtime": 15, "_timestamp": 1620125501, "_step": 1, "cv_std": 4.588856092192451}
