{"cv_mean": 17.41008172296516, "_runtime": 21, "_timestamp": 1620092462, "_step": 1, "cv_std": 4.789516762944223}
