{"cv_mean": 17.272447567317723, "_runtime": 14, "_timestamp": 1620146157, "_step": 1, "cv_std": 4.846062127010582}
