{"cv_mean": 17.23156894705776, "_runtime": 12, "_timestamp": 1620141813, "_step": 1, "cv_std": 4.572051194413776}
