{"cv_mean": 17.95820512176035, "_runtime": 14, "_timestamp": 1620107085, "_step": 1, "cv_std": 4.606438552763985}
