{"mape_valid": 382.96992778778076, "_runtime": 838, "_timestamp": 1641947343, "_step": 3, "mape_train": 440.9889221191406, "mae_valid": 1.0162838697433472, "mae_train": 1.1112265586853027, "_wandb": {"runtime": 836}}