{"cv_mean": 23.2306035446003, "_runtime": 17, "_timestamp": 1620225666, "_step": 1, "cv_std": 4.976318074750329}
