{"cv_mean": 17.605496615407255, "_runtime": 19, "_timestamp": 1620147178, "_step": 1, "cv_std": 4.5490405420857405}
