{"cv_mean": 16.899378047973848, "_runtime": 11, "_timestamp": 1620140540, "_step": 1, "cv_std": 4.5947492663601235}
