{"cv_mean": 17.705367076223833, "_runtime": 14, "_timestamp": 1620138796, "_step": 1, "cv_std": 4.291318426324919}
