{"cv_mean": 18.309948491958036, "_runtime": 24, "_timestamp": 1620113216, "_step": 1, "cv_std": 4.480133673357342}
