{"cv_mean": 18.639260426446363, "_runtime": 13, "_timestamp": 1620140455, "_step": 1, "cv_std": 3.9020336713969974}
