{"mape_valid": 14.57558125257492, "_runtime": 537, "_timestamp": 1642019054, "_step": 3, "mape_train": 8.872543275356293, "mae_valid": 0.0418175607919693, "mae_train": 0.024523401632905006, "_wandb": {"runtime": 530}}