{"cv_mean": 17.222846946890556, "_runtime": 10, "_timestamp": 1620142048, "_step": 1, "cv_std": 4.7431882436743}
