{"cv_mean": 18.084602172936854, "_runtime": 29, "_timestamp": 1620144912, "_step": 1, "cv_std": 4.700292010250393}
