{"cv_mean": 17.364181988168628, "_runtime": 9, "_timestamp": 1620144448, "_step": 1, "cv_std": 4.4047326345718005}
