{"cv_mean": 18.125507595082517, "_runtime": 22, "_timestamp": 1620147009, "_step": 1, "cv_std": 4.622413468431438}
