{"cv_mean": 18.155326144539128, "_runtime": 8, "_timestamp": 1620147701, "_step": 1, "cv_std": 4.631415447390626}
