{"cv_mean": 6.469369406940953, "_runtime": 28, "_timestamp": 1620205825, "_step": 1, "cv_std": 2.181385657720814}
