{"cv_mean": 17.245992218761536, "_runtime": 16, "_timestamp": 1620100658, "_step": 1, "cv_std": 4.535465183762284}
