{"cv_mean": 17.020137475899425, "_runtime": 16, "_timestamp": 1620091447, "_step": 1, "cv_std": 4.5561262772293025}
