{"cv_mean": 17.59965417064064, "_runtime": 20, "_timestamp": 1620130591, "_step": 1, "cv_std": 4.371524789799864}
