{"cv_mean": 18.54174550174449, "_runtime": 55, "_timestamp": 1620080670, "_step": 1, "cv_std": 4.687957278494307}
