{"cv_mean": 17.868699645511995, "_runtime": 10, "_timestamp": 1620142022, "_step": 1, "cv_std": 3.817057896760997}
