{"cv_mean": 17.562235230592357, "_runtime": 17, "_timestamp": 1620142289, "_step": 1, "cv_std": 4.64400379615966}
