{"cv_mean": 18.434253022694953, "_runtime": 24, "_timestamp": 1620096912, "_step": 1, "cv_std": 4.4248126514824735}
