{"cv_mean": 16.811799042812645, "_runtime": 9, "_timestamp": 1620143095, "_step": 1, "cv_std": 4.56649296232363}
