{"cv_mean": 17.272697585074756, "_runtime": 15, "_timestamp": 1620144123, "_step": 1, "cv_std": 4.835959393551853}
