{"cv_mean": 18.03711440858642, "_runtime": 15, "_timestamp": 1620139132, "_step": 1, "cv_std": 3.629363654996143}
