{"cv_mean": 17.092811681952753, "_runtime": 11, "_timestamp": 1620144849, "_step": 1, "cv_std": 4.772575804803629}
