{"cv_mean": 17.393879268917683, "_runtime": 11, "_timestamp": 1620144772, "_step": 1, "cv_std": 4.6354493170127276}
