{"cv_mean": 17.095884581053813, "_runtime": 17, "_timestamp": 1620083112, "_step": 1, "cv_std": 4.660692606494666}
