{"cv_mean": 18.393122614430673, "_runtime": 14, "_timestamp": 1620124145, "_step": 1, "cv_std": 4.73252809957129}
