{"cv_mean": 16.887064566705654, "_runtime": 18, "_timestamp": 1620089065, "_step": 1, "cv_std": 4.771950984657303}
