{"cv_mean": 17.362405275880267, "_runtime": 16, "_timestamp": 1620107781, "_step": 1, "cv_std": 4.506588688375309}
