{"cv_mean": 6.8416690379020935, "_runtime": 16, "_timestamp": 1620211424, "_step": 1, "cv_std": 2.5379855723790166}
