{"cv_mean": 17.579004513820706, "_runtime": 23, "_timestamp": 1620109150, "_step": 1, "cv_std": 4.61244310232484}
