{"cv_mean": 16.883432639412774, "_runtime": 15, "_timestamp": 1620090085, "_step": 1, "cv_std": 4.582779511405464}
