{"cv_mean": 17.776443529968564, "_runtime": 31, "_timestamp": 1620081022, "_step": 1, "cv_std": 4.7745370050318705}
