{"cv_mean": 16.928544552489576, "_runtime": 10, "_timestamp": 1620140998, "_step": 1, "cv_std": 4.4632266383955965}
