{"cv_mean": 17.376641412042943, "_runtime": 15, "_timestamp": 1620141974, "_step": 1, "cv_std": 4.726559106053691}
