{"cv_mean": 18.245031306372848, "_runtime": 8, "_timestamp": 1620147868, "_step": 1, "cv_std": 4.7992975069564645}
