{"cv_mean": 17.322532670001628, "_runtime": 15, "_timestamp": 1620143806, "_step": 1, "cv_std": 4.744280273731427}
