{"cv_mean": 17.469429087523373, "_runtime": 15, "_timestamp": 1620084124, "_step": 1, "cv_std": 4.529721574136015}
