{"cv_mean": 17.266097963428486, "_runtime": 19, "_timestamp": 1620117318, "_step": 1, "cv_std": 4.638519086078666}
