{"cv_mean": 0.49324988930118624, "_runtime": 20, "_timestamp": 1620216737, "_step": 1, "cv_std": 0.368511864086459}
