{"cv_mean": 17.808752707266922, "_runtime": 20, "_timestamp": 1620141398, "_step": 1, "cv_std": 4.4439371940351835}
