{"cv_mean": 17.922690423573606, "_runtime": 15, "_timestamp": 1620082432, "_step": 1, "cv_std": 4.630078766598717}
