{"cv_mean": 16.99273858202566, "_runtime": 11, "_timestamp": 1620146586, "_step": 1, "cv_std": 4.662849173081394}
