{"cv_mean": 17.20090023884176, "_runtime": 10, "_timestamp": 1620141416, "_step": 1, "cv_std": 4.658762348332436}
