{"cv_mean": 17.614609298635134, "_runtime": 14, "_timestamp": 1620140941, "_step": 1, "cv_std": 4.489393509743519}
