{"cv_mean": 17.602224698866582, "_runtime": 8, "_timestamp": 1620143490, "_step": 1, "cv_std": 4.402081320280955}
