{"cv_mean": 18.625266559811305, "_runtime": 55, "_timestamp": 1620144663, "_step": 1, "cv_std": 4.842259581597761}
