{"cv_mean": 17.119969471128893, "_runtime": 16, "_timestamp": 1620133979, "_step": 1, "cv_std": 4.79806737159486}
