{"cv_mean": 17.301425480782015, "_runtime": 8, "_timestamp": 1620147892, "_step": 1, "cv_std": 4.465223180778493}
