{"cv_mean": 17.157137216895624, "_runtime": 15, "_timestamp": 1620086692, "_step": 1, "cv_std": 4.540624818954076}
