{"cv_mean": 17.49153849756284, "_runtime": 26, "_timestamp": 1620083795, "_step": 1, "cv_std": 4.428349138315945}
