{"cv_mean": 17.547471670446065, "_runtime": 8, "_timestamp": 1620140911, "_step": 1, "cv_std": 4.800856031367462}
