{"cv_mean": 17.75352675667146, "_runtime": 19, "_timestamp": 1620094507, "_step": 1, "cv_std": 4.660048605611438}
