{"cv_mean": 17.860329526581058, "_runtime": 26, "_timestamp": 1620134664, "_step": 1, "cv_std": 4.682494888735912}
