{"cv_mean": 17.473762438835326, "_runtime": 21, "_timestamp": 1620129917, "_step": 1, "cv_std": 4.562370100147811}
