{"cv_mean": 16.776330582423718, "_runtime": 10, "_timestamp": 1620146537, "_step": 1, "cv_std": 4.581209145633543}
