{"cv_mean": 16.831907538327425, "_runtime": 15, "_timestamp": 1620134992, "_step": 1, "cv_std": 4.561778006007112}
