{"cv_mean": 18.178209654323584, "_runtime": 26, "_timestamp": 1620114910, "_step": 1, "cv_std": 4.167857334373142}
