{"cv_mean": 17.356691351175648, "_runtime": 9, "_timestamp": 1620142071, "_step": 1, "cv_std": 4.437433519314247}
