{"cv_mean": 6.696967920117342, "_runtime": 25, "_timestamp": 1620210048, "_step": 1, "cv_std": 2.427949409606443}
