{"cv_mean": 17.572977772030853, "_runtime": 19, "_timestamp": 1620092123, "_step": 1, "cv_std": 4.36599490017758}
