{"cv_mean": 18.426237573610315, "_runtime": 30, "_timestamp": 1620121102, "_step": 1, "cv_std": 4.491953451465128}
