{"cv_mean": 17.517780297125135, "_runtime": 8, "_timestamp": 1620141494, "_step": 1, "cv_std": 4.314221793764897}
