{"cv_mean": 18.1158696646982, "_runtime": 19, "_timestamp": 1620146495, "_step": 1, "cv_std": 4.984597595335838}
