{"cv_mean": 17.065689457828302, "_runtime": 9, "_timestamp": 1620146126, "_step": 1, "cv_std": 4.531472657264861}
