{"cv_mean": 19.222851418614006, "_runtime": 83, "_timestamp": 1620142409, "_step": 1, "cv_std": 5.061775529727188}
