{"cv_mean": 6.563682157833691, "_runtime": 16, "_timestamp": 1620207281, "_step": 1, "cv_std": 2.1974935044730843}
