{"cv_mean": 24.78510042811689, "_runtime": 30, "_timestamp": 1620226700, "_step": 1, "cv_std": 4.930196977806363}
