{"cv_mean": 17.249214865060523, "_runtime": 10, "_timestamp": 1620145164, "_step": 1, "cv_std": 4.653217551493306}
