{"cv_mean": 17.30447406888517, "_runtime": 19, "_timestamp": 1620102355, "_step": 1, "cv_std": 4.506723589275802}
